inDb,B1,B3,B6,B8,B10
-60,-59.990,-59.990,-59.989,-59.989,-59.989
-59,-58.990,-58.990,-58.989,-58.989,-58.989
-58,-57.990,-57.990,-57.989,-57.989,-57.989
-57,-56.990,-56.990,-56.989,-56.989,-56.989
-56,-55.990,-55.990,-55.989,-55.989,-55.989
-55,-54.990,-54.990,-54.989,-54.989,-54.989
-54,-53.990,-53.990,-53.989,-53.989,-53.989
-53,-52.990,-52.990,-52.989,-52.989,-52.989
-52,-51.990,-51.989,-51.989,-51.989,-51.989
-51,-50.990,-50.989,-50.989,-50.989,-50.989
-50,-49.990,-49.989,-49.989,-49.989,-49.988
-49,-48.990,-48.989,-48.989,-48.989,-48.988
-48,-47.990,-47.989,-47.989,-47.989,-47.988
-47,-46.990,-46.989,-46.989,-46.989,-46.988
-46,-45.989,-45.989,-45.989,-45.989,-45.988
-45,-44.989,-44.989,-44.989,-44.989,-44.988
-44,-43.989,-43.989,-43.989,-43.988,-43.987
-43,-42.989,-42.989,-42.989,-42.988,-42.987
-42,-41.989,-41.989,-41.989,-41.988,-41.987
-41,-40.989,-40.989,-40.989,-40.988,-40.987
-40,-39.989,-39.989,-39.989,-39.988,-39.987
-39,-38.989,-38.989,-38.989,-38.988,-38.986
-38,-37.989,-37.989,-37.988,-37.987,-37.986
-37,-36.989,-36.989,-36.988,-36.987,-36.986
-36,-35.989,-35.989,-35.988,-35.987,-35.986
-35,-34.989,-34.989,-34.988,-34.987,-34.986
-34,-33.989,-33.989,-33.988,-33.987,-33.986
-33,-32.989,-32.989,-32.988,-32.986,-32.986
-32,-31.989,-31.989,-31.987,-31.986,-31.986
-31,-30.989,-30.989,-30.987,-30.986,-30.986
-30,-29.989,-29.989,-29.987,-29.986,-29.987
-29,-28.989,-28.988,-28.987,-28.986,-28.988
-28,-27.989,-27.988,-27.987,-27.986,-27.990
-27,-26.989,-26.988,-26.986,-26.986,-26.992
-26,-25.989,-25.988,-25.986,-25.986,-25.995
-25,-24.989,-24.988,-24.986,-24.986,-24.999
-24,-23.989,-23.988,-23.986,-23.987,-24.005
-23,-22.988,-22.987,-22.986,-22.988,-23.012
-22,-21.988,-21.987,-21.986,-21.990,-22.022
-21,-20.988,-20.987,-20.986,-20.992,-21.035
-20,-19.988,-19.987,-19.986,-19.995,-20.051
-19,-18.988,-18.987,-18.986,-18.999,-19.073
-18,-17.988,-17.986,-17.987,-18.005,-18.100
-17,-16.987,-16.986,-16.988,-17.012,-17.135
-16,-15.987,-15.986,-15.990,-16.022,-16.179
-15,-14.987,-14.986,-14.992,-15.035,-15.235
-14,-13.987,-13.986,-13.995,-14.051,-14.306
-13,-12.987,-12.986,-12.999,-13.073,-13.394
-12,-11.986,-11.986,-12.005,-12.100,-12.504
-11,-10.986,-10.986,-11.012,-11.135,-11.640
-10,-9.986,-9.986,-10.022,-10.179,-10.808
-9,-8.986,-8.987,-9.035,-9.235,-10.013
-8,-7.986,-7.988,-8.051,-8.306,-9.260
-7,-6.986,-6.990,-7.073,-7.394,-8.556
-6,-5.986,-5.992,-6.100,-6.504,-7.905
-5,-4.986,-4.995,-5.135,-5.640,-7.311
-4,-3.986,-3.999,-4.179,-4.808,-6.776
-3,-2.987,-3.005,-3.235,-4.013,-6.300
-2,-1.988,-2.012,-2.306,-3.260,-5.879
-1,-0.990,-1.022,-1.394,-2.556,-5.503
0,0.008,-0.035,-0.504,-1.905,-5.163
