freqHz,in-30dBFS,in-20dBFS,in-10dBFS,in+0dBFS
10,0.0309,0.1210,0.7950,6.2594
20,0.0309,0.1210,0.7950,6.2594
50,0.0309,0.1210,0.7950,6.2594
100,0.0309,0.1210,0.7950,6.2594
200,0.0309,0.1210,0.7950,6.2594
500,0.0309,0.1210,0.7950,6.2594
1000,0.0309,0.1210,0.7950,6.2593
2000,0.0309,0.1210,0.7951,6.2594
5000,0.0309,0.1210,0.7950,6.2593
10000,0.0309,0.1210,0.7951,6.2594
20000,0.0309,0.1210,0.7951,6.2688
# level sweep at 1 kHz
# inDbFS,THDpct
-50,0.0030
-49,0.0034
-48,0.0038
-47,0.0042
-46,0.0048
-45,0.0053
-44,0.0060
-43,0.0067
-42,0.0075
-41,0.0085
-40,0.0095
-39,0.0107
-38,0.0120
-37,0.0135
-36,0.0152
-35,0.0170
-34,0.0192
-33,0.0216
-32,0.0243
-31,0.0274
-30,0.0309
-29,0.0350
-28,0.0396
-27,0.0449
-26,0.0512
-25,0.0584
-24,0.0669
-23,0.0770
-22,0.0890
-21,0.1035
-20,0.1210
-19,0.1423
-18,0.1685
-17,0.2008
-16,0.2407
-15,0.2904
-14,0.3522
-13,0.4293
-12,0.5254
-11,0.6454
-10,0.7950
-9,0.9813
-8,1.2127
-7,1.4993
-6,1.8531
-5,2.2879
-4,2.8191
-3,3.4640
-2,4.2406
-1,5.1668
0,6.2593
