freq,NAM_B3,NAM_B7,OUR_B3,OUR_B7
20.0,-10.974,1.127,8.692,20.690
26.7,-11.148,1.178,8.814,20.812
35.6,-11.149,1.061,8.904,20.901
47.4,-11.209,1.070,8.945,20.943
63.2,-11.283,0.978,8.965,20.963
84.3,-11.377,0.896,8.980,20.978
112.5,-11.478,0.817,8.988,20.986
150.0,-11.548,0.740,8.993,20.990
200.0,-11.592,0.674,8.995,20.993
266.7,-11.646,0.612,8.996,20.994
355.7,-11.674,0.574,8.997,20.995
474.3,-11.723,0.536,8.998,20.995
632.5,-11.733,0.513,8.998,20.996
843.4,-11.724,0.502,8.998,20.996
1124.7,-11.773,0.463,8.998,20.996
1499.8,-11.811,0.424,8.998,20.996
2000.0,-11.795,0.442,8.998,20.996
2667.0,-11.810,0.412,8.998,20.996
3556.6,-11.772,0.377,8.998,20.996
4742.7,-11.935,0.304,8.998,20.996
6324.6,-11.951,0.216,8.998,20.996
8433.9,-12.079,0.201,8.998,20.996
11246.8,-12.154,0.026,8.998,20.996
14997.9,-12.071,-0.024,8.998,20.996
20000.0,-12.105,-0.051,8.998,20.996
