freq,NAM,OURS
2.000000000000000355e+01,1.902848841393415813e-01,5.692000000000000171e+00
2.667042864326648299e+01,2.968540345630365507e-01,5.815000000000000391e+00
3.556558820077846406e+01,3.137649273658510984e-01,5.903999999999999915e+00
4.742747411323311013e+01,2.983567091806147431e-01,5.945000000000000284e+00
6.324555320336759223e+01,2.448436005569321616e-01,5.964999999999999858e+00
8.433930068571646643e+01,1.717974741767890889e-01,5.980000000000000426e+00
1.124682650380698306e+02,9.889688008316308010e-02,5.988000000000000433e+00
1.499788418664911944e+02,1.722527850543665445e-02,5.993000000000000327e+00
2.000000000000000284e+02,-6.443577476339421017e-02,5.995000000000000107e+00
2.667042864326648441e+02,-1.098455854962366862e-01,5.996999999999999886e+00
3.556558820077846121e+02,-1.301838459253348013e-01,5.996999999999999886e+00
4.742747411323311439e+02,-1.645881502491577664e-01,5.998000000000000220e+00
6.324555320336759223e+02,-1.599585968570718109e-01,5.998000000000000220e+00
8.433930068571646643e+02,-1.738910607361478233e-01,5.998000000000000220e+00
1.124682650380698306e+03,-2.109680748861796351e-01,5.998000000000000220e+00
1.499788418664911887e+03,-1.863541176954336687e-01,5.998000000000000220e+00
2.000000000000000227e+03,-2.142176861624237594e-01,5.998000000000000220e+00
2.667042864326648214e+03,-2.247303545807511072e-01,5.998000000000000220e+00
3.556558820077846121e+03,-2.758489979819095939e-01,5.998000000000000220e+00
4.742747411323311098e+03,-3.507532721559739608e-01,5.998000000000000220e+00
6.324555320336759905e+03,-3.658970471008399228e-01,5.998000000000000220e+00
8.433930068571646189e+03,-3.932972104848330708e-01,5.998000000000000220e+00
1.124682650380698396e+04,-3.520124963718623268e-01,5.998000000000000220e+00
1.499788418664911842e+04,-3.616391800606705287e-01,5.998000000000000220e+00
2.000000000000000364e+04,-2.786612902068257291e-01,5.998000000000000220e+00
