refdes,board,type,value,confidence,notes
R1,filter-sw,metal-film axial 5-band,unknown,unreadable,"blue body; 5 bands visible in f_R1R2.jpg but hues ambiguous at 640px src; needs >=1200dpi macro of bands"
R2,filter-sw,metal-film axial 5-band,unknown,unreadable,"blue body; bands suggest red-red-? (2.2k family?) but red/brown/orange indistinguishable; needs macro"
R3,filter-sw,metal-film axial 5-band,unknown,unreadable,"blue body; top band brown-ish; needs macro"
R5,filter-sw,metal-film axial 5-band,unknown,unreadable,"blue body between C1 and C2; bands red-red-red-ish hint 2.2k but hue-ambiguous; needs macro"
R4,filter-top,metal-film axial 5-band,unknown,unreadable,"blue body; framing missed closeup; bands not countable; needs macro"
R6,filter-top,metal-film axial 4/5-band,unknown,unreadable,"few dark bands + light multiplier hint low value (10-100R family?) but unreadable; needs macro"
R7,filter-top,metal-film axial 5-band,unknown,unreadable,"red-ish bands hint 2k-22k family; bottom band red/brown ambiguous (tol); needs macro"
R8,filter-mid,metal-film axial 5-band,unknown,unreadable,"closeup crop missed (vias only); wide shot shows blue body; needs re-crop + macro"
R9,filter-mid,metal-film axial 5-band,unknown,unreadable,"same as R8; needs re-crop + macro"
R10,filter-mid,metal-film axial 5-band,unknown,uncertain,"vertical; bands brown-black-black-?-? hint 10R/100R family; candidates: 10R vs 100R vs 1k; needs macro"
R11,filter-bottom,metal-film axial 5-band horizontal,unknown,unreadable,"under red caps row; body visible leads only; needs macro"
R12?,filter-bottom,metal-film axial 5-band horizontal,unknown,uncertain,"second horizontal blue body bottom-right unlabeled in view; refdes uncertain (R12? or R11 duplicate view); needs hi-res wide shot"
C1,filter-sw,polystyrene axial,unknown,uncertain,"marking reads '180R XH' vertically (f_C1.jpg); candidates: 1800pF (misread 1800 as 180R) vs 180pF; disambiguate: 1200dpi macro of cap text"
C2,filter-sw,polystyrene axial,unknown,unreadable,"yellowish clear body; no marking legible; needs macro"
C3,filter-top,poly axial (polystyrene?),unknown,uncertain,"clear-yellow body; marking fragment '47?'; candidates: 470pF vs 4700pF vs 47nF; needs macro"
C4,filter-top,poly axial (polystyrene?),unknown,uncertain,"clear body; marking fragment '30?/03D?'; candidates: 300pF vs 3000pF vs 30nF; needs macro"
C5,filter-left,red box film,unknown,unreadable,"Wima-style red box; top print not legible at 640px; needs macro of top face"
C6,filter-left,red box film,unknown,unreadable,"same as C5; needs macro of top face"
C7,filter-row,red box film,unknown,unreadable,"row of 5 red boxes C7-C11; top print illegible; needs macro"
C8,filter-row,red box film,unknown,unreadable,"refdes partly hidden behind C7 in photo (label inferred by sequence C7..C11); presence clear value unreadable; needs angled macro"
C9,filter-row,red box film,unknown,unreadable,"same as C7; needs macro"
C10,filter-row,red box film,unknown,unreadable,"same as C7; needs macro"
C11,filter-row,red box film,unknown,unreadable,"same as C7; needs macro"
C12,filter-left,polystyrene axial,unknown,uncertain,"marking 'XH 078/870' (f_C12.jpg); candidates: 87pF vs 870pF vs 8700pF; disambiguate: macro of cap text"
C13,filter-mid,red box film,unknown,unreadable,"between C12 and R8; top print illegible; needs macro"
C14,filter-bottom,red box film,unknown,unreadable,"bottom edge under wires; presence clear value unreadable; needs macro"
C15,filter-mid,unpopulated outline,N/A (DNP),clear,"white silkscreen box with NO component + wire jumper nearby (f_R10.jpg); board variant/DNP confirmed"
RN1/SW1,filter-top,DIP-16(?) black package,unknown,unreadable,"marking 3 lines illegible ('M??1643/??16G/??LF100-19'-like in f_IC.jpg); function ambiguous: resistor network (RN1) vs DIP switch array (SW1); needs macro of marking + continuity test"
HDR-W,filter-bottom,wire header (green/red/yellow),N/A (interconnect),clear,"colored wires to edge/mating board present; destinations unknown; seen-not-traced"
R1,sw-board,metal-film axial 5-band,unknown,unreadable,"blue body; bands brown-black-?-red-? hint 10k family; hue-ambiguous; needs macro"
R2,sw-board,metal-film axial 5-band,unknown,unreadable,"blue body; dark bands hint 10k-100k family; needs macro"
R3,sw-board,metal-film axial 5-band,unknown,uncertain,"bands brown-grey?-red-red-gold? hint 18.2k 5%; candidates: 18.2k vs 1.82k vs 182k (multiplier band ambiguous); needs macro"
R4,sw-board,"carbon(?) axial,grey body",unknown,uncertain,"GREY body unlike others (carbon film?); bands brown-red-red-?-gold hint 1.2k 5%; candidates: 1.2k vs 12k; needs macro"
R5,sw-board,metal-film axial 5-band,unknown,unreadable,"blue body; bands brown-black-black-red-? hint 10k; needs macro"
R6,sw-board,metal-film axial 5-band,unknown,unreadable,"blue body; dark bands; needs macro"
R7,sw-board,metal-film axial 5-band,unknown,unreadable,"blue body; bottom band cut off in crop; needs re-crop + macro"
R8,sw-board,metal-film axial 5-band,unknown,unreadable,"blue body; red-ish bands; needs macro"
R9,sw-board,metal-film axial 5-band,unknown,uncertain,"blue body; bands red-?-green/gold?-?-red hint 2M+ family?? multiplier ambiguous; candidates span decades; needs macro"
SW1-rotary,sw-board,rotary switch wafer,~10-12 pads + wiper,uncertain,"pad ring visible in u5_boost.jpg + '12' marking near one terminal; exact pad count (10 vs 12) and pole count unknown; needs hi-res crop of wafer + detent count"
W-GY,sw-board,twisted wire pair (green/yellow),N/A (interconnect),clear,"down to lower section; destinations unknown; seen-not-traced"
ASSY,sw-board,silkscreen text,N/A,clear,"'AVALON DESIGN SW1 / ASSY 5600-9522 REV. / MADE IN U.S.A.' legible; identifies board as switch assembly"
ASSY-F,filter-sw,silkscreen text,N/A,clear,"'AVALON -19 DESIGN ... REV' + '94V-0' legible; identifies filter board"
