freq_hz,curve1_db,curve2_db,curve3_db,curve4_db,curve5_db,curve6_db
10.0,-3.0,-0.93,-2.8,-2.98,-22.12,-22.22
10.65,-2.68,-0.66,-2.48,-2.65,-21.95,-22.17
11.35,-2.4,-0.42,-2.21,-2.36,-21.62,-21.95
12.09,-2.08,-0.22,-1.89,-2.05,-21.18,-21.5
12.88,-1.76,0.0,-1.57,-1.74,-20.73,-21.03
13.73,-1.48,0.19,-1.29,-1.45,-20.27,-20.56
14.62,-1.2,0.36,-1.05,-1.17,-19.79,-20.11
15.58,-0.93,0.51,-0.77,-0.9,-19.32,-19.65
16.6,-0.7,0.69,-0.53,-0.62,-18.85,-19.19
17.68,-0.43,0.83,-0.35,-0.45,-18.39,-18.73
18.84,-0.3,0.93,-0.16,-0.22,-17.93,-18.26
20.07,-0.06,1.03,0.02,-0.03,-17.47,-17.79
21.38,0.08,1.09,0.16,0.11,-17.02,-17.32
22.78,0.21,1.18,0.29,0.24,-16.55,-16.85
24.27,0.34,1.23,0.44,0.42,-16.08,-16.39
25.86,0.44,1.33,0.49,0.52,-15.61,-15.93
27.55,0.53,1.33,0.54,0.66,-15.14,-15.47
29.35,0.57,1.28,0.59,0.8,-14.67,-15.01
31.27,0.64,1.24,0.64,0.92,-14.21,-14.54
33.32,0.64,1.2,0.69,1.03,-13.75,-14.07
35.5,0.69,1.16,0.69,1.21,-13.29,-13.6
37.82,0.65,1.07,0.64,1.25,-12.83,-13.12
40.29,0.64,0.99,0.64,1.26,-12.36,-12.66
42.92,0.64,0.93,0.64,1.31,-11.89,-12.21
45.73,0.64,0.84,0.59,1.36,-11.42,-11.75
48.72,0.59,0.69,0.58,1.41,-10.99,-11.29
51.91,0.51,0.59,0.49,1.45,-10.48,-10.83
55.3,0.32,0.42,0.41,1.46,-10.02,-10.36
58.92,0.18,0.24,0.29,1.51,-9.56,-9.86
62.77,0.0,0.07,0.22,1.51,-9.1,-9.4
66.87,-0.14,-0.15,0.1,1.56,-8.65,-8.94
71.25,-0.33,-0.38,0.01,1.56,-8.18,-8.47
75.91,-0.52,-0.6,-0.08,1.61,-7.71,-8.0
80.87,-0.75,-0.8,-0.18,1.62,-7.24,-7.53
86.16,-1.04,-1.1,-0.3,1.65,-6.77,-7.06
91.79,-1.37,-1.37,-0.44,1.61,-6.3,-6.6
97.79,-1.69,-1.71,-0.57,1.61,-5.84,-6.14
104.19,-2.06,-2.01,-0.69,1.61,-5.38,-5.68
111.0,-2.37,-2.28,-0.85,1.56,-4.92,-5.22
118.26,-2.66,-2.6,-0.98,1.56,-4.46,-4.76
125.99,-2.94,-2.88,-1.12,1.56,-4.0,-4.29
134.23,-3.18,-3.25,-1.25,1.56,-3.55,-3.82
143.01,-3.44,-3.6,-1.39,1.56,-3.12,-3.35
152.36,-3.7,-3.94,-1.52,1.56,-2.68,-2.93
162.32,-3.89,-4.36,-1.66,1.56,-2.26,-2.51
172.94,-4.12,-4.78,-1.8,1.56,-1.89,-2.13
184.24,-4.33,-5.2,-1.92,1.56,-1.51,-1.76
196.29,-4.52,-5.62,-2.07,1.56,-1.24,-1.44
209.13,-4.68,-6.09,-2.2,1.56,-0.87,-1.07
222.8,-4.82,-6.57,-2.31,1.56,-0.63,-0.74
237.37,-5.02,-7.05,-2.41,1.56,-0.34,-0.47
252.89,-5.26,-7.55,-2.52,1.56,-0.06,-0.21
269.43,-5.41,-8.11,-2.61,1.56,0.22,0.03
287.05,-5.57,-8.62,-2.78,1.56,0.41,0.3
305.82,-5.7,-9.17,-2.9,1.56,0.65,0.5
325.82,-5.89,-9.83,-3.0,1.56,0.83,0.73
347.12,-6.08,-10.48,-3.1,1.51,1.07,0.92
369.82,-6.22,-11.09,-3.18,1.51,1.24,1.15
394.0,-6.4,-11.92,-3.25,1.51,1.39,1.29
419.77,-6.54,-12.66,-3.33,1.46,1.58,1.48
447.21,-6.69,-13.44,-3.4,1.46,1.71,1.61
476.46,-6.84,-14.43,-3.49,1.46,1.85,1.75
507.61,-6.93,-15.44,-3.59,1.46,1.99,1.9
540.81,-6.98,-16.48,-3.69,1.46,2.1,2.0
576.17,-7.03,-17.58,-3.74,1.41,2.2,2.11
613.84,-7.08,-18.82,-3.79,1.41,2.3,2.2
653.98,-7.16,-19.88,-3.84,1.41,2.38,2.3
696.75,-7.18,-20.34,-3.86,1.39,2.42,2.4
742.31,-7.13,-19.3,-3.89,1.36,2.5,2.45
790.85,-7.08,-18.48,-3.89,1.32,2.55,2.5
842.56,-7.05,-17.0,-3.84,1.28,2.55,2.55
897.65,-7.01,-15.34,-3.84,1.24,2.55,2.55
956.35,-6.92,-13.65,-3.84,1.16,2.55,2.55
1018.89,-6.83,-12.51,-3.84,1.12,2.55,2.55
1085.51,-6.69,-11.54,-3.84,1.07,2.55,2.55
1156.49,-6.64,-10.56,-3.84,1.02,2.55,2.55
1232.12,-6.54,-9.59,-3.84,0.92,2.55,2.55
1312.69,-6.44,-8.87,-3.79,0.82,2.55,2.55
1398.52,-6.34,-8.22,-3.74,0.72,2.55,2.55
1489.97,-6.25,-7.61,-3.74,0.62,2.55,2.55
1587.4,-6.11,-7.03,-3.69,0.52,2.55,2.55
1691.2,-5.95,-6.6,-3.64,0.42,2.55,2.55
1801.79,-5.84,-6.14,-3.59,0.31,2.55,2.55
1919.61,-5.66,-5.69,-3.55,0.12,2.55,2.55
2045.13,-5.56,-5.23,-3.54,-0.11,2.55,2.55
2178.86,-5.39,-4.79,-3.49,-0.3,2.55,2.55
2321.34,-5.31,-4.42,-3.44,-0.54,2.55,2.55
2473.13,-5.14,-4.0,-3.44,-0.72,2.55,2.55
2634.85,-4.96,-3.63,-3.39,-0.96,2.55,2.55
2807.14,-4.78,-3.35,-3.34,-1.25,2.55,2.55
2990.7,-4.56,-2.98,-3.3,-1.52,2.55,2.55
3186.26,-4.35,-2.66,-3.2,-1.89,2.55,2.55
3394.61,-4.17,-2.34,-3.15,-2.17,2.55,2.55
3616.58,-3.93,-2.02,-3.07,-2.49,2.55,2.55
3853.07,-3.75,-1.76,-2.99,-2.82,2.55,2.55
4105.02,-3.58,-1.52,-2.9,-3.06,2.55,2.55
4373.45,-3.4,-1.25,-2.8,-3.32,2.55,2.55
4659.43,-3.22,-1.05,-2.68,-3.53,2.55,2.5
4964.11,-3.05,-0.77,-2.54,-3.72,2.55,2.45
5288.71,-2.86,-0.54,-2.36,-3.82,2.55,2.45
5634.54,-2.69,-0.35,-2.22,-3.92,2.55,2.4
6002.98,-2.52,-0.17,-2.07,-4.02,2.55,2.4
6395.51,-2.35,-0.03,-1.9,-4.0,2.55,2.35
6813.72,-2.16,0.15,-1.76,-3.82,2.55,2.3
7259.27,-2.03,0.25,-1.58,-3.68,2.55,2.25
7733.95,-1.89,0.43,-1.44,-3.49,2.55,2.17
8239.67,-1.72,0.56,-1.28,-3.24,2.55,2.08
8778.46,-1.61,0.69,-1.12,-2.86,2.55,1.99
9352.48,-1.43,0.84,-0.98,-2.49,2.55,1.9
9964.04,-1.29,0.89,-0.84,-2.11,2.55,1.77
10615.59,-1.1,0.93,-0.69,-1.74,2.55,1.61
11309.74,-0.92,0.98,-0.62,-1.36,2.55,1.49
12049.29,-0.68,1.04,-0.53,-1.03,2.55,1.36
12837.19,-0.49,1.08,-0.4,-0.66,2.55,1.17
13676.61,-0.26,1.13,-0.31,-0.38,2.55,1.03
14570.92,-0.04,1.18,-0.25,-0.09,2.55,0.9
15523.72,0.13,1.19,-0.2,0.16,2.55,0.71
16538.81,0.3,1.23,-0.15,0.43,2.55,0.58
17620.28,0.49,1.28,-0.11,0.67,2.55,0.39
18772.47,0.63,1.28,-0.1,0.91,2.55,0.25
20000.0,0.79,1.28,-0.05,1.17,2.55,0.07
